Employee ID,Employee Name,Designation,Date,Check-In Time,Check-Out Time
1,Kath,Automation Specialist IV,10/5/2023,2:45 PM,9:56 PM
2,Alasdair,General Manager,10/26/2023,1:01 PM,7:33 AM
3,Penelopa,Internal Auditor,10/6/2023,10:01 AM,1:57 PM
4,Isabella,Environmental Tech,10/5/2023,2:02 PM,9:18 PM
5,Delmer,Marketing Manager,10/10/2023,1:36 PM,7:36 PM
6,Hermine,Teacher,10/4/2023,10:01 AM,9:23 PM
7,Lothaire,Operator,10/27/2023,2:52 PM,3:37 PM
8,Gare,Civil Engineer,10/11/2023,11:11 AM,3:56 PM
9,Eleen,Geological Engineer,10/25/2023,10:05 AM,10:35 AM
10,Afton,Paralegal,10/11/2023,11:00 AM,10:04 AM
11,Ulysses,Administrative Officer,10/6/2023,2:45 PM,10:05 AM
12,Olag,Nurse Practicioner,10/27/2023,11:51 AM,6:40 PM
13,Obadias,Office Assistant I,10/24/2023,12:35 PM,11:16 PM
14,Wallache,Account Representative III,10/11/2023,11:29 AM,11:15 AM
15,Ramon,Research Nurse,10/8/2023,11:51 AM,8:20 AM
